JOB_ID,JOB_NAME,PRODUCT_ID,RECIPE_ID,PROCESS_ID,RELEASE_TIME,SPLIT_COUNT,PARENT_JOB_ID,PRIORITY
JOB_1,JOB1,P_1,P_1,PROC_1,0,1,JOB_1,1
JOB_2,JOB2,P_2,P_2,PROC_1,0,1,JOB_2,1
JOB_3,JOB3,P_3,P_3,PROC_1,0,1,JOB_3,1
JOB_4,JOB4,P_4,P_4,PROC_1,0,1,JOB_4,1
JOB_5,JOB5,P_5,P_5,PROC_1,0,1,JOB_5,1
JOB_6,JOB6,P_6,P_6,PROC_1,0,1,JOB_6,1
JOB_7,JOB7,P_7,P_7,PROC_1,0,1,JOB_7,1
JOB_8,JOB8,P_8,P_8,PROC_1,0,1,JOB_8,1
JOB_9,JOB9,P_9,P_9,PROC_1,0,1,JOB_9,1
JOB_10,JOB10,P_10,P_10,PROC_1,0,1,JOB_10,1
JOB_11,JOB11,P_11,P_11,PROC_1,0,1,JOB_11,1
JOB_12,JOB12,P_12,P_12,PROC_1,0,1,JOB_12,1
JOB_13,JOB13,P_13,P_13,PROC_1,0,1,JOB_13,1
JOB_14,JOB14,P_14,P_14,PROC_1,0,1,JOB_14,1
JOB_15,JOB15,P_15,P_15,PROC_1,0,1,JOB_15,1
JOB_16,JOB16,P_16,P_16,PROC_1,0,1,JOB_16,1
JOB_17,JOB17,P_17,P_17,PROC_1,0,1,JOB_17,1
JOB_18,JOB18,P_18,P_18,PROC_1,0,1,JOB_18,1
JOB_19,JOB19,P_19,P_19,PROC_1,0,1,JOB_19,1
JOB_20,JOB20,P_20,P_20,PROC_1,0,1,JOB_20,1
JOB_21,JOB21,P_21,P_21,PROC_1,0,1,JOB_21,1
JOB_22,JOB22,P_22,P_22,PROC_1,0,1,JOB_22,1
JOB_23,JOB23,P_23,P_23,PROC_1,0,1,JOB_23,1
JOB_24,JOB24,P_24,P_24,PROC_1,0,1,JOB_24,1
JOB_25,JOB25,P_25,P_25,PROC_1,0,1,JOB_25,1
JOB_26,JOB26,P_26,P_26,PROC_1,0,1,JOB_26,1
JOB_27,JOB27,P_27,P_27,PROC_1,0,1,JOB_27,1
JOB_28,JOB28,P_28,P_28,PROC_1,0,1,JOB_28,1
JOB_29,JOB29,P_29,P_29,PROC_1,0,1,JOB_29,1
JOB_30,JOB30,P_30,P_30,PROC_1,0,1,JOB_30,1
